<?xml version="1.0" encoding="UTF-8" standalone="yes"?>
<addon id="repository.xionnexus" name="xion Nexus Repository" version="1.0" provider-name="xion">
	<extension point="xbmc.addon.repository" name="xion Repository">
		<dir minversion="19">
			<info compressed="false">https://github.com/Agito504/org13repo/tree/master/wizard/MATRIX/_repo/addons.xml</info>
			<checksum>https://github.com/Agito504/org13repo/tree/master/wizard/MATRIX/_repo/addons.xml.md5</checksum>
			<datadir zip="true">https://github.com/Agito504/org13repo/tree/master/wizard/MATRIX/_repo//</datadir>
		</dir>
	</extension>
	<extension point="xbmc.addon.metadata">
		<summary>xion Matrix Repo</summary>
		<description>xion Matrix Repo </description>
		<platform>all</platform>
        <assets>
			<icon>icon.png</icon>
			<fanart>fanart.jpg</fanart>
		</assets>
	</extension>
</addon>