<?xml version="1.0" encoding="UTF-8"?>
    <addon id="repository.xionmatrix" name="xion Matrix Repository" version="3.0" provider-name="xion">
        <requires>
            <import addon="xbmc.addon" version="12.0.0"/>
        </requires>
        <extension point="xbmc.addon.repository" name="xion Repository">
            <info compressed="false">https://github.com/Agito504/org13repo/tree/master/wizard/MATRIX/_repo/addons.xml</info>
            <checksum>https://github.com/Agito504/org13repo/tree/master/wizard/MATRIX/_repo/addons.xml.md5</checksum>
            <datadir zip="true">https://github.com/Agito504/org13repo/tree/master/wizard/MATRIX/_repo//</datadir>
            <hashes>false</hashes>
        </extension>
        <extension point="xbmc.addon.metadata">
            <summary>xion Matrix Repo</summary>
            <description>xion Matrix Repo</description>
            <platform>all</platform>
    </extension>
</addon>